c, moody

c, Electric Light Orchestra Telephone Line
10,74,https://www.youtube.com/watch?v=77R1Wp6Y_5Y

c, Prelow Mistakes like this
15,41,https://www.youtube.com/watch?v=VjRb3RjqncQ

c, Gorillaz Andromeda Purple Disco Mac. Remix,
1:03,33,https://www.youtube.com/watch?v=tW3J9XnBbqk

c, Savant Starscream Forever
36.5,62,https://www.youtube.com/watch?v=QHjGGQI3iU0

c, Mystery Skulls Music
1:19,51,https://www.youtube.com/watch?v=sA-4MYB60QY

c, Re:Plus It all turns out great
42,59.5,https://www.youtube.com/watch?v=uV-sl7yec6A

c, Re:Plus Nighttime
1:00,45,https://www.youtube.com/watch?v=2YQ5le2S3NM

c, Silence
4,,-

c, EDEN - End Credits (feat. Leah Kelly)
3:07,53,https://www.youtube.com/watch?v=0pVABElms84